use bi;
INSERT INTO t_di_bind_device (id, user_id, mac_id, mac_type, channel_id, bind, created, modified)
VALUES
    (1, '13500000001', '4650000000008886', 'ZNIPC', '34500000000000080', 1, '2023-12-13 00:00:03.0', '2023-12-13 00:00:03.0'),
    (2, '13600000002', '7067000000004287', 'CMCC-V7B', '45620000000000092', 1, '2023-12-13 00:00:04.0', '2023-12-13 00:00:04.0'),
    (3, '13700000003', '5078000000009631', 'AP6PCM0', '45840000000000016', 1, '2023-12-13 00:00:13.0', '2023-12-13 00:00:13.0'),
    (4, '13800000004', '9114000000005238', 'G55MI', '47000000000000012', 1, '2023-12-13 00:00:14.0', '2023-12-13 00:00:14.0'),
    (5, '13900000005', '9495000000006273', 'JA-A43', '45840000000000016', 0, '2023-12-13 00:00:19.0', '2023-12-13 00:00:19.0');

INSERT INTO t_device_attributes (mac_id, mac_type, supplier_id, supplier_name, channel_name, channel_id, province_code, province_name)
VALUES
    ('4650000000008886', 'ZNIPC', '101', '中国移动', '浙江一级', '34500000000000080', '33', '浙江'),
    ('7067000000004287', 'CMCC-V7B', '102', '华为', '浙江一级', '45620000000000092', '11', '北京'),
    ('5078000000009631', 'AP6PCM0', '103', '小米', '电商渠道', '45840000000000016', '23', '黑龙江'),
    ('9114000000005238', 'G55MI', '104', '海尔', '全国渠道', '47000000000000012', '-1', '全国'),
    ('9495000000006273', 'JA-A43', '105', 'TCL', '直销渠道', '99999999999999999', '44', '广东');

INSERT INTO t_user_packages (order_id, mac_id, order_user, province_code, city_code, created, package_id, storage_type, state)
VALUES
    ('order001', '4650000000008886', '13500000001', '0', '0', '2024-03-18 13:28:38.0', 'pkg001', 1, 1),
    ('order002', '7067000000004287', '13600000002', '0', '0', '2024-03-19 14:29:49.0', 'pkg002', 1, 1),
    ('order003', '5078000000009631', '13700000003', '0', '0', '2024-03-20 15:30:50.0', 'pkg003', 2, 1),
    ('order004', '9114000000005238', '13800000004', '0', '0', '2024-03-21 16:31:51.0', 'pkg004', 1, 0),
    ('order005', '9495000000006273', '13900000005', '0', '0', '2024-03-22 17:32:52.0', 'pkg005', 2, 1);

INSERT INTO t_device_online_status (id, mac_id, login, created, modified)
VALUES
    (1, '4650000000008886', 1, '2024-07-01 00:00:00.0', '2024-07-01 03:24:30.0'),
    (2, '7067000000004287', 1, '2024-07-01 00:01:00.0', '2024-07-01 23:55:40.0'),
    (3, '5078000000009631', 0, '2024-07-01 00:02:00.0', '2024-07-01 23:20:40.0'),
    (4, '9114000000005238', 1, '2024-07-01 00:03:00.0', '2024-07-01 00:05:00.0'),
    (5, '9495000000006273', 0, '2024-07-01 00:04:00.0', '2024-07-01 00:06:00.0');

INSERT INTO t_mobile_surveillance_events (event_serial_id, event_id, event_duration, event_created, user_id, phone_type, app_version, network_type, mac_id, created, modified)
VALUES
    (1, 'Live_watch_time', 252, '2024-06-30 23:59:00', '13500000001', 'ANDROID', '8.2.0', 'WiFi', '4650000000008886', '2024-07-01 00:00:00', '2024-07-01 00:00:00'),
    (2, 'icloud_watch_time', 1413, '2024-06-30 23:58:00', '13600000002', 'IOS', '8.4.0', '4G', '7067000000004287', '2024-07-01 00:01:00', '2024-07-01 00:01:00'),
    (3, 'Live_play_success', 0, '2024-06-30 23:57:00', '13700000003', 'ANDROID', '8.5.0', 'WiFi', '5078000000009631', '2024-07-01 00:02:00', '2024-07-01 00:02:00'),
    (4, 'Live_play_fail', 0, '2024-06-30 23:56:00', '13800000004', 'IOS', '8.2.0', '4G', '9114000000005238', '2024-07-01 00:03:00', '2024-07-01 00:03:00'),
    (5, 'live_play_loading_time', 2187, '2024-06-30 23:55:00', '13900000005', 'ANDROID', '8.4.0', 'WiFi', '9495000000006273', '2024-07-01 00:04:00', '2024-07-01 00:04:00');

